0,1
seminar197,seminar190
seminar173,seminar183
seminar173,seminar198
seminar183,seminar173
seminar183,seminar198
seminar198,seminar173
seminar198,seminar183
seminar184,seminar195
seminar190,seminar197
seminar195,seminar184
seminar179,seminar196
seminar196,seminar179
seminar186,seminar172
seminar186,seminar188
seminar186,seminar195
seminar186,seminar176
seminar202,seminar166
seminar202,seminar185
seminar202,seminar169
seminar202,seminar167
seminar194,seminar183
seminar194,seminar198
seminar194,seminar185
seminar194,seminar187
seminar194,seminar201
seminar183,seminar194
seminar183,seminar185
seminar198,seminar194
seminar198,seminar185
seminar200,seminar169
seminar172,seminar186
seminar166,seminar202
seminar166,seminar185
seminar166,seminar169
seminar166,seminar167
seminar188,seminar186
seminar188,seminar195
seminar188,seminar176
seminar185,seminar202
seminar185,seminar194
seminar185,seminar183
seminar185,seminar198
seminar185,seminar166
seminar185,seminar169
seminar185,seminar167
seminar187,seminar194
seminar187,seminar201
seminar195,seminar186
seminar195,seminar188
seminar195,seminar176
seminar169,seminar202
seminar169,seminar200
seminar169,seminar166
seminar169,seminar185
seminar169,seminar167
seminar167,seminar202
seminar167,seminar166
seminar167,seminar185
seminar167,seminar169
seminar176,seminar186
seminar176,seminar188
seminar176,seminar195
seminar201,seminar194
seminar201,seminar187
seminar197,seminar181
seminar191,seminar176
seminar190,seminar181
seminar181,seminar197
seminar181,seminar190
seminar176,seminar191
seminar186,seminar192
seminar200,seminar182
seminar182,seminar200
seminar182,seminar169
seminar188,seminar192
seminar195,seminar192
seminar169,seminar182
seminar192,seminar186
seminar192,seminar188
seminar192,seminar195
seminar186,seminar191
seminar191,seminar186
